Handle,Title,Body (HTML),Vendor,Product Category,Type,Tags,Published,Option1 Name,Option1 Value,Option2 Name,Option2 Value,Variant SKU,Variant Grams,Variant Inventory Qty,Variant Price,Image Src,Image Position,Image Alt Text,SEO Title,SEO Description,Status
res-boys-cap-black,HENTY SNAPBACK - Black,"<p>Named for the streets of Reservoir, 3073. Never Blend In.</p>",RES BOYS,Apparel & Accessories > Clothing Accessories > Hats,Caps,"cap, black, res boys",TRUE,Color,Black,Size,One Size,RB-CAP-BLK-OS,120,100,59.95,assets/cap_black.jpg,1,RES BOYS Cap Black,THE CAP Black - RES BOYS,Henty Snapback by RES BOYS. Never Blend In.,active
res-boys-cap-charcoal,RUTHVEN SNAPBACK - Charcoal,"<p>Named for the streets of Reservoir, 3073. Never Blend In.</p>",RES BOYS,Apparel & Accessories > Clothing Accessories > Hats,Caps,"cap, charcoal",TRUE,Color,Charcoal,Size,One Size,RB-CAP-CHAR-OS,120,100,59.95,assets/cap_charcoal.jpg,1,RES BOYS Cap Charcoal,THE CAP Charcoal - RES BOYS,Ruthven Snapback by RES BOYS. Never Blend In.,active
res-boys-cap-olive,EDWARDES SNAPBACK - Olive,"<p>Named for the streets of Reservoir, 3073. Never Blend In.</p>",RES BOYS,Apparel & Accessories > Clothing Accessories > Hats,Caps,"cap, olive",TRUE,Color,Olive,Size,One Size,RB-CAP-OLV-OS,120,100,59.95,assets/cap_olive.jpg,1,RES BOYS Cap Olive,,Edwardes Snapback by RES BOYS. Never Blend In.,active
res-boys-cap-white,DUNDAS SNAPBACK - White,"<p>Named for the streets of Reservoir, 3073. Never Blend In.</p>",RES BOYS,Apparel & Accessories > Clothing Accessories > Hats,Caps,"cap, white",TRUE,Color,White,Size,One Size,RB-CAP-WHT-OS,120,100,59.95,assets/cap_white.jpg,1,RES BOYS Cap White,,Dundas Snapback by RES BOYS. Never Blend In.,active
res-boys-hoodie-black,GILBERT HOODIE - Black,"<p>Named for the streets of Reservoir, 3073. Never Blend In.</p>",RES BOYS,Apparel & Accessories > Clothing > Hoodies,Hoodies,"hoodie, black, bestseller",TRUE,Color,Black,Size,S,RB-HOOD-BLK-S,800,50,149.95,assets/hoodie_black.jpg,1,Premium Hoodie Black,,Gilbert Hoodie by RES BOYS. Never Blend In.,active
res-boys-hoodie-black,PREMIUM HOODIE - Black,,,,,,,Color,Black,Size,M,RB-HOOD-BLK-M,800,50,149.95,,,2,,,
res-boys-hoodie-black,PREMIUM HOODIE - Black,,,,,,,Color,Black,Size,L,RB-HOOD-BLK-L,800,50,149.95,,,3,,,
res-boys-hoodie-black,PREMIUM HOODIE - Black,,,,,,,Color,Black,Size,XL,RB-HOOD-BLK-XL,800,50,149.95,,,4,,,
res-boys-hoodie-black,PREMIUM HOODIE - Black,,,,,,,Color,Black,Size,XXL,RB-HOOD-BLK-XXL,800,50,149.95,,,5,,,
res-boys-tee-black,PLENTY TEE - Black,"<p>Named for the streets of Reservoir, 3073. Never Blend In.</p>",RES BOYS,Apparel & Accessories > Clothing > Shirts & Tops,T-Shirts,"tee, black",TRUE,Color,Black,Size,M,RB-TEE-BLK-M,250,100,69.95,assets/tee_black.jpg,1,Classic Tee Black,,Plenty Tee by RES BOYS. Never Blend In.,active
